{
    "yellorite": {
        "template": "normal",
        "block": {
            "name": "BigReactors:YelloriteOre",
            "metadata": 0
        },
        "clusterSize": 14,
        "numClusters": 2,
        "meanHeight": 6,
        "maxVariance": 6,
        "retrogen": "true",
        "biomeRestriction": "none",
        "biomes": [],
        "dimensionRestriction": "blacklist",
        "dimensions": [
            -1,
            1,
            -28,
            -29,
            -30
        ]
    }
}
