{
    "images":
    {
        "title":
        {
            "image" : "cpp:textures/gui/banner.png",
            "posX" : -260,
            "posY" : 10,
            "width" : 512,
            "height" : 150,
            "alignment" : "top_center"
        }
    },
    
    "buttons":
    {
        "singleplayer":
        {
            "text" : "Braving it alone?",
            "posX" : -50,
            "posY" : 8,
            "width" : 100,
            "height" : 20,
            "action" : 
            {
                "type" : "openGui",
                "gui" : "singleplayer"
            }
        },
        
        "multiplayer":
        {
            "text" : "Play with others.",
            "posX" : -50,
            "posY" : 28,
            "width" : 100,
            "height" : 20,
            "action" : 
            {
                "type" : "openGui",
                "gui" : "multiplayer"
            }
        },
        
        "mods":
        {
            "text" : "Mods",
            "posX" : -50,
            "posY" : 96,
            "width" : 100,
            "height" : 20,
            "action" : 
            {
                "type" : "openGui",
                "gui" : "mods"
            }
        },
            
        "options":
        {
            "text" : "menu.options",
            "posX" : -50,
            "posY" : 116,
            "width" : 100,
            "height" : 20,
            "action" : 
            {
                "type" : "openGui",
                "gui" : "options"
            }
        },
        
        "quit":
        {
            "text" : "menu.quit",
            "posX" : -50,
            "posY" : 136,
            "width" : 100,
            "height" : 20,
            "action" : 
            {
                "type" : "quit"
            }
        },
        
        "language":
        {
            "text" : "",
            "posX" : 25,
            "posY" : 60,
            "width" : 20,
            "height" : 20,
            "action" : 
            {
                "type" : "openGui",
                "gui" : "languages"
            }
        },
        
        "refresh":
        {
            "text" : "",
            "posX" : -45,
            "posY" : 60,
            "width" : 20,
            "height" : 20,
            "texture" : "custommainmenu:textures/gui/buttons.png",
            "action" : 
            {
                "type" : "refresh"
            }
        }
    },
    
    "texts":
    {
        "mojang":
        {
            "text" : "Copyright Mojang AB. Do not distribute!",
            "posX" : -197,
            "posY" : -10,
            "color" : -1,
            "alignment" : "bottom_right"
        },
        
        "fml":
        {
            "text" : "",
            "posX" : 2,
            "posY" : -50,
            "color" : -1,
            "alignment" : "bottom_left"
        }
    },
    
    "other":
    {
        "splash-text":
        {
            "posX" : -8,
            "posY" : 45,
            "color" : -256,
            "alignment" : "top_center",
            "file" : "cpp:text/splashes.txt"
        },
         "background":
        {
            "image" : "cpp:textures/gui/background.png",
            "mode" : "center"
        }
    }
}