{
    "aluminum": {
        "template": "uniform",
        "block": {
            "name": "TConstruct:SearedBrick",
            "metadata": 5
        },
        "clusterSize": 4,
        "numClusters": 11,
        "minHeight": 44,
        "maxHeight": 62,
        "retrogen": "true",
        "biomeRestriction": "none",
        "biomes": [],
        "dimensionRestriction": "blacklist",
        "dimensions": [
            -1,
            1,
            -28,
            -29,
            -30
        ]
    },
	"ardite": {
        "template": "normal",
        "block": [
            {"name": "TConstruct:SearedBrick", "metadata": 2, "weight":80},
            {"name": "TConstruct:SearedBrick", "metadata": 1, "weight":20}
        ],
		"material": "minecraft:netherrack",
        "clusterSize": 2,
        "numClusters": 11,
        "meanHeight": 80,
        "maxVariance": 40,
        "retrogen": "true",
        "biomeRestriction": "none",
        "biomes": [
            "all"
        ],
        "dimensionRestriction": "whitelist",
        "dimensions": [
            -1
        ]
    },
	"cobalt": {
        "template": "normal",
        "block": [
            {"name": "TConstruct:SearedBrick", "metadata": 1, "weight":80},
            {"name": "TConstruct:SearedBrick", "metadata": 2, "weight":20}
        ],
		"material": "minecraft:netherrack",
        "clusterSize": 3,
        "numClusters": 13,
        "meanHeight": 70,
        "maxVariance": 40,
        "retrogen": "true",
        "biomeRestriction": "none",
        "biomes": [
            "all"
        ],
        "dimensionRestriction": "whitelist",
        "dimensions": [
            -1
        ]
    }
}
